"","29-B1","30-B1","31-B2","32-B3","33-B1","34-B1","35-B2","36-B3","37-B1","38-B2","39-B3","40-B1","41-B2","42-B3","44-B2","45-B3","46-B1","47-B2","48-B3","49-B1","50-B2","52-B1","53-B2","54-B3"
"ASV_1",1295,1053,4044,3816,7274,1831,4303,396,248,78,628,437,102,3537,7766,1534,389,2510,1017,82,1834,1224,1830,5343
"ASV_2",269,286,0,271,0,0,120,0,0,391,0,0,501,346,404,1332,0,0,1509,604,250,287,1051,0
"ASV_3",1834,0,0,58,0,0,80,620,83,348,279,0,120,0,0,122,34,0,92,545,273,90,270,0
"ASV_4",0,0,0,0,0,0,0,0,1581,489,2427,0,45,0,0,0,0,0,123,54,0,0,0,0
"ASV_5",0,198,127,0,0,0,344,456,275,229,385,0,280,188,0,0,0,0,0,0,0,1885,72,0
"ASV_6",0,100,0,428,0,0,0,0,162,192,0,0,0,139,0,0,69,0,294,935,751,0,0,0
"ASV_7",0,0,1391,0,0,0,0,753,0,0,0,0,0,430,0,0,0,0,0,0,0,0,0,0
"ASV_8",352,216,0,0,0,0,0,0,370,403,239,0,0,0,0,0,0,0,0,315,227,0,359,0
"ASV_9",365,105,91,83,0,0,0,0,0,173,303,0,209,0,98,0,0,0,385,0,188,0,0,0
"ASV_10",0,0,0,0,0,1,0,0,0,0,0,0,180,768,0,0,0,0,956,0,0,0,0,0
"ASV_11",0,232,0,0,0,0,0,0,0,0,0,0,0,0,1254,0,0,0,0,0,0,0,0,372
"ASV_12",0,0,1733,0,0,0,0,0,0,0,0,0,0,0,0,0,0,0,0,0,0,0,20,0
"ASV_13",0,0,0,0,0,0,0,506,0,0,344,0,0,0,0,533,64,0,0,194,0,0,0,0
"ASV_14",352,0,0,0,0,0,0,88,0,74,108,0,0,239,0,212,0,0,123,241,0,0,0,0
"ASV_15",0,0,0,0,0,0,587,0,0,177,292,0,0,0,0,0,0,0,0,0,0,306,0,0
"ASV_16",0,0,0,0,0,0,0,0,457,100,680,0,0,0,0,0,0,0,0,0,0,0,0,0
"ASV_17",77,0,0,51,0,24,20,0,124,0,24,627,0,67,0,0,0,24,76,0,0,56,0,22
"ASV_18",0,0,0,0,0,0,715,0,27,42,0,0,173,0,0,0,0,0,0,102,0,114,0,0
"ASV_19",0,0,0,563,0,0,0,0,0,0,0,0,0,520,0,0,0,0,0,0,0,0,0,0
"ASV_20",0,0,798,0,0,0,0,224,0,0,0,0,0,0,0,0,0,0,0,0,0,0,0,0
"ASV_21",0,0,0,0,0,0,125,161,67,54,73,0,112,0,0,0,26,0,318,42,0,0,0,0
"ASV_22",239,0,0,0,0,0,0,0,0,0,0,0,0,0,491,0,0,0,238,0,0,0,0,0
"ASV_23",80,168,0,0,0,0,0,0,0,0,0,0,151,70,0,0,0,0,116,0,139,0,125,0
"ASV_24",0,0,0,0,0,0,0,0,328,141,63,0,0,0,0,0,0,0,0,169,86,0,0,0
"ASV_25",0,0,0,0,0,0,0,0,0,0,0,0,0,0,0,0,0,0,0,0,0,0,761,0
"ASV_26",0,0,190,0,0,0,545,0,0,0,0,0,0,0,0,0,0,0,0,0,0,0,0,0
"ASV_27",0,0,0,0,0,0,730,0,0,0,0,0,0,0,1,0,0,0,0,0,0,0,0,0
"ASV_28",0,0,727,0,0,0,0,0,0,0,0,0,0,0,0,0,0,0,0,0,0,0,0,0
"ASV_29",0,0,0,34,0,0,0,99,75,248,154,0,0,20,0,0,0,0,29,0,0,67,0,0
"ASV_30",0,61,0,0,0,0,39,0,82,172,64,0,0,0,0,0,40,0,104,87,0,70,0,0
"ASV_31",0,0,0,149,0,0,0,0,139,83,270,0,0,0,0,0,0,0,28,0,46,0,0,0
"ASV_32",0,365,0,131,0,0,0,0,0,89,94,0,0,0,0,0,0,0,0,0,0,0,0,0
"ASV_33",0,145,0,0,0,0,0,0,0,0,0,0,0,0,263,0,0,0,0,0,265,0,0,0
"ASV_34",0,14,0,0,71,0,180,0,0,0,0,151,0,0,16,42,0,0,0,0,0,0,178,0
"ASV_35",0,498,0,0,0,0,0,0,126,0,0,0,0,0,0,0,0,0,0,0,0,0,0,0
"ASV_36",0,0,0,0,0,0,0,0,113,98,209,0,107,76,0,0,0,0,0,0,0,0,0,0
"ASV_37",0,0,0,0,0,0,0,0,50,0,0,0,472,70,0,0,0,0,0,0,0,0,0,0
"ASV_38",0,0,0,0,0,0,0,0,0,0,0,0,48,510,0,0,0,0,0,0,0,0,0,0
"ASV_39",0,64,0,0,0,0,0,94,0,104,92,0,0,0,0,0,0,0,0,202,0,0,0,0
"ASV_40",0,0,0,556,0,0,0,0,0,0,0,0,0,0,0,0,0,0,0,0,0,0,0,0
"ASV_41",0,53,0,51,0,0,0,0,117,0,257,0,0,0,0,0,0,0,75,0,0,0,0,0
"ASV_42",0,0,0,0,533,0,0,0,0,0,0,0,0,0,0,0,0,0,0,0,0,0,0,0
"ASV_43",0,140,54,33,0,0,0,80,59,56,77,0,0,0,0,0,0,0,0,0,0,0,0,0
"ASV_44",0,0,0,51,0,0,0,0,0,0,0,420,0,0,0,0,0,0,0,0,0,0,0,0
"ASV_45",0,0,0,0,0,0,0,0,0,0,0,0,0,0,0,0,0,0,470,0,0,0,0,0
"ASV_46",0,0,0,0,0,0,0,0,54,0,0,0,87,317,0,0,0,0,0,0,0,0,0,0
"ASV_47",0,268,0,56,0,0,0,53,30,41,0,0,0,0,0,0,0,0,0,0,0,0,0,0
"ASV_48",0,0,0,0,0,0,0,0,0,0,0,11,0,0,0,431,0,0,0,0,0,0,0,0
"ASV_49",0,0,0,0,0,0,217,0,0,0,220,0,0,0,0,0,0,0,0,0,0,0,0,0
"ASV_50",0,0,0,0,0,0,0,0,0,1,0,0,430,0,0,0,0,0,0,0,0,0,0,0
"ASV_51",0,0,58,52,0,0,117,0,0,0,0,43,0,0,0,0,0,39,58,0,24,0,0,33
"ASV_52",0,0,344,0,0,0,0,0,0,0,0,0,71,0,0,0,0,0,0,0,0,0,0,0
"ASV_53",0,0,0,0,0,0,0,32,0,0,0,0,0,282,0,0,0,0,0,0,0,101,0,0
"ASV_54",0,0,0,0,0,0,0,180,113,0,118,0,0,0,0,0,0,0,0,0,0,0,0,0
"ASV_55",0,0,0,0,0,0,0,0,0,0,0,0,0,0,0,0,0,0,0,0,398,0,0,0
"ASV_56",0,0,265,0,0,0,0,0,0,0,0,0,0,0,0,0,0,0,85,0,0,42,0,0
"ASV_57",0,0,0,0,0,0,0,0,0,0,0,0,125,264,0,0,0,0,0,0,0,0,0,0
"ASV_58",0,0,0,0,0,0,0,380,0,0,0,0,0,0,0,0,0,0,0,0,0,0,0,0
"ASV_59",0,0,0,0,0,0,0,0,0,0,0,0,0,0,0,376,0,0,0,0,0,0,0,0
"ASV_60",0,0,0,0,0,0,0,0,29,87,0,0,41,0,0,0,0,0,0,127,82,0,0,0
"ASV_61",0,0,0,0,0,0,0,0,0,0,0,0,0,0,0,0,0,365,0,0,0,0,0,0
"ASV_62",0,45,0,0,0,0,0,84,25,0,43,0,0,16,0,0,0,0,145,0,0,0,0,0
"ASV_63",0,0,54,0,0,0,0,282,0,0,0,0,0,0,0,0,0,0,0,0,0,0,0,0
"ASV_64",0,0,0,0,0,0,0,0,0,0,0,0,0,0,0,335,0,0,0,0,0,0,0,0
"ASV_65",0,331,0,0,1,0,0,0,0,0,0,0,0,0,0,0,0,0,0,0,0,0,0,0
"ASV_66",0,0,0,0,0,0,0,0,0,0,0,0,0,0,54,0,0,0,274,0,0,0,0,0
"ASV_67",0,0,0,227,0,0,0,0,0,0,0,0,0,100,0,0,0,0,0,0,0,0,0,0
"ASV_68",0,0,0,0,0,0,0,0,0,0,0,0,0,0,200,126,0,0,0,0,0,0,0,0
"ASV_69",0,0,0,0,0,0,0,0,0,0,0,0,0,240,0,0,0,0,0,0,85,0,0,0
"ASV_70",0,21,0,76,0,0,0,0,0,44,42,0,0,0,0,0,0,0,0,64,62,0,0,0
"ASV_71",0,0,0,0,0,0,309,0,0,0,0,0,0,0,0,0,0,0,0,0,0,0,0,0
"ASV_72",0,0,296,0,0,0,0,0,0,0,0,0,0,0,0,0,0,0,0,0,0,0,0,0
"ASV_73",0,0,244,0,0,0,0,0,0,0,0,0,0,0,0,0,0,0,0,0,0,52,0,0
"ASV_74",0,0,294,0,0,0,0,0,0,0,0,0,0,0,0,0,0,0,0,0,0,0,0,0
"ASV_75",0,0,0,0,0,0,0,0,0,0,0,0,0,109,0,0,0,0,0,167,0,0,0,0
"ASV_76",0,0,0,0,0,0,0,0,0,0,273,0,0,0,0,0,0,0,0,0,0,0,0,0
"ASV_77",0,0,0,0,0,0,0,0,77,0,194,0,0,0,0,0,0,0,0,0,0,0,0,0
"ASV_78",0,0,0,0,0,0,0,0,0,0,269,0,0,0,0,0,0,0,0,0,0,0,0,0
"ASV_79",0,0,0,91,175,0,0,0,0,0,0,0,0,0,0,0,0,0,0,0,0,0,0,0
"ASV_80",0,0,0,0,0,0,0,0,0,0,0,0,0,0,0,0,25,0,238,0,0,0,0,0
"ASV_81",123,0,0,135,0,0,0,0,0,0,0,0,0,0,0,0,0,0,0,0,0,0,0,0
"ASV_82",0,0,0,249,0,0,0,0,0,0,0,0,0,0,0,0,0,0,0,0,0,0,0,0
"ASV_83",0,0,248,0,0,0,0,0,0,0,0,0,0,0,0,0,0,0,0,0,0,0,0,0
"ASV_84",0,0,0,0,0,0,0,0,0,0,0,0,0,0,0,0,0,0,0,75,173,0,0,0
"ASV_85",0,0,0,0,0,0,0,0,0,0,210,0,0,31,0,0,0,0,0,0,0,0,0,0
"ASV_86",0,0,236,0,0,0,0,0,0,0,0,0,0,0,0,0,0,0,0,0,0,0,0,0
"ASV_87",0,0,0,77,0,0,0,13,19,76,14,0,0,0,0,0,0,0,0,27,0,0,0,0
"ASV_88",0,224,0,0,0,0,0,0,0,0,0,0,0,0,0,0,0,0,0,0,0,0,0,0
"ASV_89",0,159,0,0,0,0,0,0,0,0,0,0,50,0,0,0,0,0,0,0,0,0,0,0
"ASV_90",0,0,0,0,0,0,0,0,0,0,0,0,0,0,0,0,0,0,0,207,0,0,0,0
"ASV_91",0,0,0,0,39,0,38,0,0,0,0,0,0,0,0,49,0,0,0,0,0,0,72,0
"ASV_92",0,0,0,0,0,0,177,0,21,0,0,0,0,0,0,0,0,0,0,0,0,0,0,0
"ASV_93",87,0,0,0,0,0,0,0,0,0,0,0,0,0,0,0,0,0,0,0,0,109,0,0
"ASV_94",0,0,192,0,0,0,0,0,0,0,0,0,0,0,0,0,0,0,0,0,0,0,0,0
"ASV_95",0,0,0,0,0,0,0,0,0,0,0,0,0,0,0,0,0,0,190,0,0,0,0,0
"ASV_96",0,0,0,61,0,0,0,37,0,28,60,0,0,0,0,0,0,0,0,0,0,0,0,0
"ASV_97",0,0,42,139,0,0,0,0,0,0,0,0,0,0,0,0,0,0,0,0,0,0,0,0
"ASV_98",0,0,0,0,0,0,0,0,0,0,0,0,0,0,0,0,0,0,0,0,178,0,0,0
"ASV_99",0,0,0,0,0,0,0,0,0,0,0,0,0,0,0,29,0,0,0,0,0,0,0,148
"ASV_100",173,0,0,0,0,0,0,0,0,0,0,0,0,0,0,0,0,0,0,0,0,0,0,0
"ASV_101",0,0,0,0,0,0,0,0,94,0,73,0,0,0,0,0,0,0,0,0,0,0,0,0
"ASV_102",0,0,0,0,0,0,164,0,0,0,0,0,0,0,0,0,0,0,0,0,0,0,0,0
"ASV_103",0,0,161,0,0,0,0,0,0,0,0,0,0,0,0,0,0,0,0,0,0,0,0,0
"ASV_104",0,0,0,0,0,0,0,0,34,48,78,0,0,0,0,0,0,0,0,0,0,0,0,0
"ASV_105",0,0,0,0,0,0,0,0,0,0,0,0,0,0,0,0,0,0,62,38,46,0,0,0
"ASV_106",0,92,0,0,0,0,0,0,0,0,0,0,0,0,0,0,0,0,0,52,0,0,0,0
"ASV_107",0,0,0,0,138,0,0,0,0,0,0,0,0,0,0,0,0,0,0,0,0,0,0,0
"ASV_108",0,0,0,0,115,0,0,0,0,0,0,0,0,0,0,0,0,0,0,0,0,0,21,0
"ASV_109",0,0,0,0,0,0,0,0,0,0,0,0,0,60,0,0,0,0,76,0,0,0,0,0
"ASV_110",0,0,0,0,0,0,0,0,0,0,135,0,0,0,0,0,0,0,0,0,0,0,0,0
"ASV_111",0,0,0,58,0,0,0,0,0,0,0,0,0,0,0,0,0,0,0,0,0,73,0,0
"ASV_112",0,0,0,0,0,0,0,0,94,0,37,0,0,0,0,0,0,0,0,0,0,0,0,0
"ASV_113",0,0,0,0,0,0,0,0,0,0,0,0,0,0,0,131,0,0,0,0,0,0,0,0
"ASV_114",129,0,0,0,0,0,0,0,0,0,0,0,0,0,0,0,0,0,0,0,0,0,0,0
"ASV_115",0,0,0,0,0,0,0,0,73,0,56,0,0,0,0,0,0,0,0,0,0,0,0,0
"ASV_116",0,0,124,0,0,0,0,0,0,0,0,0,0,0,0,0,0,0,0,0,0,0,0,0
"ASV_117",0,0,81,0,0,0,0,0,0,0,0,0,37,0,0,0,0,0,0,0,0,0,0,0
"ASV_118",0,0,0,0,0,0,0,0,0,0,0,116,0,0,0,0,0,0,0,0,0,0,0,0
"ASV_119",0,0,115,0,0,0,0,0,0,0,0,0,0,0,0,0,0,0,0,0,0,0,0,0
"ASV_120",0,0,112,0,0,0,0,0,0,0,0,0,0,0,0,0,0,0,0,0,0,0,0,0
"ASV_121",0,0,112,0,0,0,0,0,0,0,0,0,0,0,0,0,0,0,0,0,0,0,0,0
"ASV_122",0,0,0,0,0,0,0,0,0,0,0,0,84,0,0,0,0,0,0,28,0,0,0,0
"ASV_123",0,0,0,0,0,0,0,0,0,0,89,0,0,0,0,0,0,0,0,0,0,0,22,0
"ASV_124",0,0,0,0,0,0,0,0,0,0,16,95,0,0,0,0,0,0,0,0,0,0,0,0
"ASV_125",0,43,0,0,0,0,0,0,0,0,0,0,0,66,0,0,0,0,0,0,0,0,0,0
"ASV_126",0,0,0,0,0,0,0,0,0,0,108,0,0,0,0,0,0,0,0,0,0,0,0,0
"ASV_127",0,0,0,0,0,0,0,0,0,0,0,0,0,0,0,106,0,0,0,0,0,0,0,0
"ASV_128",0,0,0,105,0,0,0,0,0,0,0,0,0,0,0,0,0,0,0,0,0,0,0,0
"ASV_129",0,0,0,0,0,0,0,0,0,60,32,0,0,0,0,0,0,0,0,0,9,0,0,0
"ASV_130",0,0,0,0,0,0,100,0,0,0,0,0,0,0,0,0,0,0,0,0,0,0,0,0
"ASV_131",0,0,97,0,0,0,0,0,0,0,0,0,0,0,0,0,0,0,0,0,0,0,0,0
"ASV_132",0,0,0,0,0,0,0,0,0,0,0,0,0,0,0,0,0,0,0,0,0,53,44,0
"ASV_133",0,0,96,0,0,0,0,0,0,0,0,0,0,0,0,0,0,0,0,0,0,0,0,0
"ASV_134",0,0,0,0,0,0,0,93,0,0,0,0,0,0,0,0,0,0,0,0,0,0,0,0
"ASV_135",0,25,0,0,0,0,0,0,0,0,0,0,0,0,0,0,0,0,0,37,30,0,0,0
"ASV_136",0,0,0,0,0,0,92,0,0,0,0,0,0,0,0,0,0,0,0,0,0,0,0,0
"ASV_137",0,0,0,0,0,0,0,0,0,88,0,0,0,0,0,0,0,0,0,0,0,0,0,0
"ASV_138",0,0,84,0,0,0,0,0,0,0,0,0,0,0,0,0,0,0,0,0,0,0,0,0
"ASV_139",0,0,0,82,0,0,0,0,0,0,0,0,0,0,0,0,0,0,0,0,0,0,0,0
"ASV_140",0,0,0,0,0,0,18,0,0,0,0,0,0,0,0,0,0,0,0,0,32,0,15,17
"ASV_141",0,0,0,0,0,0,0,0,0,0,0,0,0,0,0,0,0,0,0,0,0,0,81,0
"ASV_142",0,0,80,0,0,0,0,0,0,0,0,0,0,0,0,0,0,0,0,0,0,0,0,0
"ASV_143",0,0,75,0,0,0,0,0,0,0,0,0,0,0,0,0,0,0,0,0,0,0,0,0
"ASV_144",0,0,0,0,0,0,0,0,0,0,0,0,0,0,0,0,0,0,0,0,0,8,67,0
"ASV_145",0,0,73,0,0,0,0,0,0,0,0,0,0,0,0,0,0,0,0,0,0,0,0,0
"ASV_146",0,0,0,0,0,0,0,0,0,0,0,0,0,0,0,0,0,0,0,0,0,0,0,71
"ASV_147",0,0,69,0,0,0,0,0,0,0,0,0,0,0,0,0,0,0,0,0,0,0,0,0
"ASV_148",0,0,0,0,0,0,69,0,0,0,0,0,0,0,0,0,0,0,0,0,0,0,0,0
"ASV_149",0,0,0,0,0,0,0,0,69,0,0,0,0,0,0,0,0,0,0,0,0,0,0,0
"ASV_150",0,0,0,0,0,0,0,0,0,0,0,0,0,0,0,0,0,0,0,0,0,0,0,69
"ASV_151",0,0,0,0,0,0,0,68,0,0,0,0,0,0,0,0,0,0,0,0,0,0,0,0
"ASV_152",66,0,0,0,0,0,0,0,0,0,0,0,0,0,0,0,0,0,0,0,0,0,0,0
"ASV_153",0,0,0,66,0,0,0,0,0,0,0,0,0,0,0,0,0,0,0,0,0,0,0,0
"ASV_154",0,0,0,0,0,0,0,0,0,0,0,0,0,0,0,0,0,0,0,0,0,0,66,0
"ASV_155",0,0,0,0,0,0,0,0,0,0,0,0,0,0,0,0,0,0,0,0,65,0,0,0
"ASV_156",0,0,62,0,0,0,0,0,0,0,0,0,0,0,0,0,0,0,0,0,0,0,0,0
"ASV_157",0,0,0,0,0,0,0,0,0,0,0,0,0,0,0,0,0,0,0,0,62,0,0,0
"ASV_158",0,0,60,0,0,0,0,0,0,0,0,0,0,0,0,0,0,0,0,0,0,0,0,0
"ASV_159",0,0,0,0,0,0,0,0,0,47,13,0,0,0,0,0,0,0,0,0,0,0,0,0
"ASV_160",0,0,0,0,0,0,0,0,0,0,0,0,0,0,0,59,0,0,0,0,0,0,0,0
"ASV_161",0,0,0,12,0,0,0,0,0,0,0,0,21,0,0,0,0,0,0,25,0,0,0,0
"ASV_162",0,0,0,0,0,0,57,0,0,0,0,0,0,0,0,0,0,0,0,0,0,0,0,0
"ASV_163",0,0,0,0,0,0,0,0,26,31,0,0,0,0,0,0,0,0,0,0,0,0,0,0
"ASV_164",0,0,0,0,0,0,0,0,0,0,0,57,0,0,0,0,0,0,0,0,0,0,0,0
"ASV_165",0,0,0,0,0,0,0,0,0,0,0,0,57,0,0,0,0,0,0,0,0,0,0,0
"ASV_166",0,0,0,0,0,0,0,0,0,0,56,0,0,0,0,0,0,0,0,0,0,0,0,0
"ASV_167",0,0,0,0,0,0,0,0,0,0,55,0,0,0,0,0,0,0,0,0,0,0,0,0
"ASV_168",0,0,0,0,0,0,0,0,0,0,0,0,0,0,0,55,0,0,0,0,0,0,0,0
"ASV_169",0,0,0,0,0,0,0,0,0,0,0,0,0,0,0,0,0,0,0,0,55,0,0,0
"ASV_170",0,0,54,0,0,0,0,0,0,0,0,0,0,0,0,0,0,0,0,0,0,0,0,0
"ASV_171",0,0,0,54,0,0,0,0,0,0,0,0,0,0,0,0,0,0,0,0,0,0,0,0
"ASV_172",0,0,0,0,0,0,54,0,0,0,0,0,0,0,0,0,0,0,0,0,0,0,0,0
"ASV_173",0,0,0,0,0,0,0,54,0,0,0,0,0,0,0,0,0,0,0,0,0,0,0,0
"ASV_174",0,0,0,0,0,0,0,0,0,0,0,0,0,0,0,0,0,0,0,0,0,53,0,0
"ASV_175",0,0,52,0,0,0,0,0,0,0,0,0,0,0,0,0,0,0,0,0,0,0,0,0
"ASV_176",0,36,0,0,0,0,0,0,0,14,0,0,0,0,0,0,0,0,0,0,0,0,0,0
"ASV_177",0,0,49,0,0,0,0,0,0,0,0,0,0,0,0,0,0,0,0,0,0,0,0,0
"ASV_178",0,0,0,0,0,0,0,0,0,0,0,0,0,0,0,0,0,0,49,0,0,0,0,0
"ASV_179",0,0,0,0,0,0,0,48,0,0,0,0,0,0,0,0,0,0,0,0,0,0,0,0
"ASV_180",0,0,0,0,0,0,0,0,0,0,0,0,48,0,0,0,0,0,0,0,0,0,0,0
"ASV_181",0,0,47,0,0,0,0,0,0,0,0,0,0,0,0,0,0,0,0,0,0,0,0,0
"ASV_182",0,0,46,0,0,0,0,0,0,0,0,0,0,0,0,0,0,0,0,0,0,0,0,0
"ASV_183",0,0,22,0,0,0,0,0,0,0,0,0,0,0,0,0,0,0,0,0,24,0,0,0
"ASV_184",0,0,0,0,0,0,0,0,0,0,0,0,46,0,0,0,0,0,0,0,0,0,0,0
"ASV_185",0,0,0,0,0,0,0,0,0,0,0,0,0,0,0,0,0,0,0,45,0,0,0,0
"ASV_186",0,0,0,0,0,0,0,0,0,0,0,0,0,0,0,0,0,0,0,0,0,0,45,0
"ASV_187",0,14,0,30,0,0,0,0,0,0,0,0,0,0,0,0,0,0,0,0,0,0,0,0
"ASV_188",0,0,43,0,0,0,0,0,0,0,0,0,0,0,0,0,0,0,0,0,0,0,0,0
"ASV_189",0,0,42,0,0,0,0,0,0,0,0,0,0,0,0,0,0,0,0,0,0,0,0,0
"ASV_190",0,0,0,0,0,0,42,0,0,0,0,0,0,0,0,0,0,0,0,0,0,0,0,0
"ASV_191",0,0,0,0,0,0,0,0,42,0,0,0,0,0,0,0,0,0,0,0,0,0,0,0
"ASV_192",0,0,0,0,0,0,0,0,0,0,0,0,40,0,0,0,0,0,0,0,0,0,0,0
"ASV_193",0,0,0,0,0,0,0,0,0,0,0,0,0,0,0,40,0,0,0,0,0,0,0,0
"ASV_194",0,0,0,0,0,0,0,0,0,0,0,0,0,0,0,0,0,0,0,0,0,0,0,39
"ASV_195",0,0,38,0,0,0,0,0,0,0,0,0,0,0,0,0,0,0,0,0,0,0,0,0
"ASV_196",0,0,0,0,0,0,38,0,0,0,0,0,0,0,0,0,0,0,0,0,0,0,0,0
"ASV_197",0,0,0,0,0,0,0,38,0,0,0,0,0,0,0,0,0,0,0,0,0,0,0,0
"ASV_198",0,0,0,0,0,0,0,0,0,0,0,38,0,0,0,0,0,0,0,0,0,0,0,0
"ASV_199",0,0,0,37,0,0,0,0,0,0,0,0,0,0,0,0,0,0,0,0,0,0,0,0
"ASV_200",0,0,0,36,0,0,0,0,0,0,0,0,0,0,0,0,0,0,0,0,0,0,0,0
"ASV_201",0,0,0,0,0,0,36,0,0,0,0,0,0,0,0,0,0,0,0,0,0,0,0,0
"ASV_202",0,0,0,0,0,0,0,0,0,0,0,0,0,0,0,0,0,0,36,0,0,0,0,0
"ASV_203",0,0,0,0,0,0,0,0,0,0,0,0,0,0,0,0,0,0,0,0,0,0,35,0
"ASV_204",0,0,34,0,0,0,0,0,0,0,0,0,0,0,0,0,0,0,0,0,0,0,0,0
"ASV_205",0,0,34,0,0,0,0,0,0,0,0,0,0,0,0,0,0,0,0,0,0,0,0,0
"ASV_206",0,0,0,0,0,0,0,34,0,0,0,0,0,0,0,0,0,0,0,0,0,0,0,0
"ASV_207",0,0,0,0,33,0,0,0,0,0,0,0,0,0,0,0,0,0,0,0,0,0,0,0
"ASV_208",0,0,0,0,0,0,0,0,0,0,0,33,0,0,0,0,0,0,0,0,0,0,0,0
"ASV_209",0,0,0,0,0,0,0,0,0,0,0,0,33,0,0,0,0,0,0,0,0,0,0,0
"ASV_210",0,0,0,0,0,0,32,0,0,0,0,0,0,0,0,0,0,0,0,0,0,0,0,0
"ASV_211",0,0,0,0,0,0,0,32,0,0,0,0,0,0,0,0,0,0,0,0,0,0,0,0
"ASV_212",0,0,0,0,0,0,0,0,0,0,0,0,0,0,0,0,0,0,0,0,32,0,0,0
"ASV_213",0,0,0,30,0,0,0,0,0,0,0,0,0,0,0,0,0,0,0,0,0,0,0,0
"ASV_214",0,0,29,0,0,0,0,0,0,0,0,0,0,0,0,0,0,0,0,0,0,0,0,0
"ASV_215",0,0,0,0,0,0,0,0,0,0,0,0,0,0,0,0,0,0,0,0,29,0,0,0
"ASV_216",0,28,0,0,0,0,0,0,0,0,0,0,0,0,0,0,0,0,0,0,0,0,0,0
"ASV_217",0,0,0,0,0,0,0,0,0,0,0,0,0,0,0,0,0,0,0,0,0,0,28,0
"ASV_218",0,0,0,0,0,0,27,0,0,0,0,0,0,0,0,0,0,0,0,0,0,0,0,0
"ASV_219",0,0,0,0,0,0,27,0,0,0,0,0,0,0,0,0,0,0,0,0,0,0,0,0
"ASV_220",0,0,0,0,0,0,0,27,0,0,0,0,0,0,0,0,0,0,0,0,0,0,0,0
"ASV_221",0,0,0,0,0,0,0,0,0,0,0,0,0,0,9,0,0,0,0,0,0,0,17,0
"ASV_222",0,0,25,0,0,0,0,0,0,0,0,0,0,0,0,0,0,0,0,0,0,0,0,0
"ASV_223",0,0,0,0,0,0,0,0,0,0,0,0,0,0,0,0,0,0,0,0,0,0,25,0
"ASV_224",0,0,0,0,0,0,0,0,0,0,0,0,0,0,0,0,0,22,0,0,0,0,0,0
"ASV_225",0,0,0,0,21,0,0,0,0,0,0,0,0,0,0,0,0,0,0,0,0,0,0,0
"ASV_226",0,0,0,0,0,21,0,0,0,0,0,0,0,0,0,0,0,0,0,0,0,0,0,0
"ASV_227",0,0,0,0,0,0,0,21,0,0,0,0,0,0,0,0,0,0,0,0,0,0,0,0
"ASV_228",0,0,0,0,0,0,0,0,0,21,0,0,0,0,0,0,0,0,0,0,0,0,0,0
"ASV_229",0,0,0,0,0,0,0,0,0,0,21,0,0,0,0,0,0,0,0,0,0,0,0,0
"ASV_230",0,0,0,0,0,0,0,0,0,0,0,0,0,0,0,0,0,0,21,0,0,0,0,0
"ASV_231",0,0,19,0,0,0,0,0,0,0,0,0,0,0,0,0,0,0,0,0,0,0,0,0
"ASV_232",0,0,0,0,19,0,0,0,0,0,0,0,0,0,0,0,0,0,0,0,0,0,0,0
"ASV_233",0,0,0,0,19,0,0,0,0,0,0,0,0,0,0,0,0,0,0,0,0,0,0,0
"ASV_234",0,0,0,0,0,0,0,0,19,0,0,0,0,0,0,0,0,0,0,0,0,0,0,0
"ASV_235",0,0,0,0,0,0,0,0,0,0,0,0,0,0,0,0,0,0,19,0,0,0,0,0
"ASV_236",0,0,0,0,0,0,0,18,0,0,0,0,0,0,0,0,0,0,0,0,0,0,0,0
"ASV_237",0,0,0,0,0,0,0,0,0,0,0,0,18,0,0,0,0,0,0,0,0,0,0,0
"ASV_238",0,0,0,16,0,0,0,0,0,0,0,0,0,0,0,0,0,0,0,0,0,0,0,0
"ASV_239",0,0,0,0,0,0,16,0,0,0,0,0,0,0,0,0,0,0,0,0,0,0,0,0
"ASV_240",0,0,0,15,0,0,0,0,0,0,0,0,0,0,0,0,0,0,0,0,0,0,0,0
"ASV_241",0,0,0,0,0,0,0,0,0,0,15,0,0,0,0,0,0,0,0,0,0,0,0,0
"ASV_242",0,0,0,0,0,0,0,0,0,0,0,0,0,15,0,0,0,0,0,0,0,0,0,0
"ASV_243",0,0,14,0,0,0,0,0,0,0,0,0,0,0,0,0,0,0,0,0,0,0,0,0
"ASV_244",0,0,0,0,0,0,14,0,0,0,0,0,0,0,0,0,0,0,0,0,0,0,0,0
"ASV_245",0,0,0,0,0,0,0,0,0,0,14,0,0,0,0,0,0,0,0,0,0,0,0,0
"ASV_246",0,0,0,0,0,0,0,0,0,0,0,0,0,0,0,0,0,0,0,0,14,0,0,0
"ASV_247",0,0,13,0,0,0,0,0,0,0,0,0,0,0,0,0,0,0,0,0,0,0,0,0
"ASV_248",0,12,0,0,0,0,0,0,0,0,0,0,0,0,0,0,0,0,0,0,0,0,0,0
"ASV_249",0,0,0,0,0,0,0,12,0,0,0,0,0,0,0,0,0,0,0,0,0,0,0,0
"ASV_250",0,0,0,0,0,0,0,0,0,0,0,0,12,0,0,0,0,0,0,0,0,0,0,0
"ASV_251",0,0,0,0,0,0,0,0,0,0,0,0,0,0,0,0,0,0,0,0,0,0,12,0
"ASV_252",11,0,0,0,0,0,0,0,0,0,0,0,0,0,0,0,0,0,0,0,0,0,0,0
"ASV_253",0,0,0,0,11,0,0,0,0,0,0,0,0,0,0,0,0,0,0,0,0,0,0,0
"ASV_254",0,0,0,0,0,0,0,0,11,0,0,0,0,0,0,0,0,0,0,0,0,0,0,0
"ASV_255",0,0,0,0,0,0,0,0,0,0,0,0,0,0,0,0,0,0,0,0,0,0,0,11
"ASV_256",0,0,0,0,0,0,0,0,0,0,0,0,0,0,0,0,0,0,10,0,0,0,0,0
"ASV_257",0,0,0,0,0,0,0,0,0,0,0,0,0,0,0,0,0,0,0,0,0,0,0,10
"ASV_258",0,0,0,0,0,0,0,0,0,0,0,0,0,0,0,0,0,0,0,0,0,9,0,0
"ASV_259",0,0,8,0,0,0,0,0,0,0,0,0,0,0,0,0,0,0,0,0,0,0,0,0
"ASV_260",0,0,0,0,0,0,0,0,0,0,8,0,0,0,0,0,0,0,0,0,0,0,0,0
"ASV_261",0,0,0,0,0,0,0,0,0,0,0,0,0,0,0,0,0,0,8,0,0,0,0,0
"ASV_262",0,0,0,0,0,0,0,0,0,0,0,0,0,0,0,7,0,0,0,0,0,0,0,0
"ASV_263",0,0,0,0,0,0,0,0,0,0,0,0,0,0,0,0,0,0,7,0,0,0,0,0
"ASV_264",0,0,6,0,0,0,0,0,0,0,0,0,0,0,0,0,0,0,0,0,0,0,0,0
"ASV_265",0,0,0,0,0,0,6,0,0,0,0,0,0,0,0,0,0,0,0,0,0,0,0,0
"ASV_266",0,0,0,0,5,0,0,0,0,0,0,0,0,0,0,0,0,0,0,0,0,0,0,0
"ASV_267",0,0,0,4,0,0,0,0,0,0,0,0,0,0,0,0,0,0,0,0,0,0,0,0
"ASV_268",0,0,0,0,0,0,0,0,0,2,0,0,0,0,0,0,0,0,0,0,0,0,0,0
